customer_tweet_id,customer_text,support_response,gold_intent,gold_escalate,escalation_reason,clean_text,pred_intent,pred_confidence,best_similarity,pred_escalate,human_reviewed
627981,@239834 2 eme étudiant de ma classe qui a ce soucis ! Un tuyau ? @AppleSupport https://t.co/i5n2LE3qyf,@268738 We offer support via Twitter in English. Contact us for help in your preferred language here: https://t.co/IBIY3vMgPj,other,yes,Insufficient context to safely resolve automatically.,eme tudiant de ma classe qui a ce soucis un tuyau,other,0.6563735481810757,0.2819232935161629,yes,True
335732,@115858 @AppleSupport Emojis not supported on smart invert ?!,@196045 We're here to help. You should still be able to use emojis when using Smart Invert. Are you unable to use them?,device_hardware,no,Issue has sufficient context for an initial automated response.,emojis not supported on smart invert,other,0.7644161502771822,0.3447214814335181,yes,True
848454,@AppleSupport is the option to send an automatic out of office email gone with ios11?,@321632 Thanks for reaching out.  We would love to help.  What type of email account are you using?,how_to,no,Question can receive an initial automated response.,is the option to send an automatic out of office email gone with ios,ios_update,0.9532339266450144,0.274202188902965,yes,True
751782,@AppleSupport The iOS 11.0.2. My battery doesn’t last anymore and I get bugs using a lot of apps. Sometimes the app just stop working or I get stuck on it,@124525 We'll take a look at this with you. Meet us in DM so we can gather more information. https://t.co/GDrqU22YpT,battery_charging,yes,Multiple issues require further troubleshooting.,the ios my battery doesn t last anymore and i get bugs using a lot of apps sometimes the app just stop working or i get stuck on it,battery_charging,0.902958827842976,0.2314008043075342,yes,True
860785,"Par contre, l’iOS 11 ralentit mon téléphone. Je mets 5 minutes à écrire un message... @AppleSupport.",@324391 We offer support via Twitter in English. Contact us for help in your preferred language here: https://t.co/IBIY3vMgPj,ios_update,yes,Update-related performance issue requires troubleshooting.,par contre l ios ralentit mon t l phone je mets minutes crire un message,ios_update,0.7125538243871143,0.2551732027346666,yes,True
767420,@AppleSupport fix AppleWatch Snapchat icon...it's just gone blank and is really annoying!,@123674 Send us a DM. Let us know more details and the country you're in. https://t.co/GDrqU22YpT,apps,no,App-specific issue with sufficient context for initial support.,fix applewatch snapchat icon it s just gone blank and is really annoying,apps,0.8536774910519495,0.3373994834166216,yes,True
162843,@AppleSupport just purchased IPhone 8 can’t install the IOS update which means I can’t back it up to my i cloud! Any ideas what’s going on?,@153622 We want to help! DM us and let us know more about the issues you are having. We can look more into this issue from there. https://t.co/GDrqU22YpT,ios_update,yes,Update failure with backup impact; further troubleshooting required.,just purchased iphone can t install the ios update which means i can t back it up to my i cloud any ideas what s going on,ios_update,0.8475612698550696,0.3070103285791083,yes,True
1470834,@115858 updated to new iOS and I can barely use my phone because it is lagging so bad. Ready to lose it.,@461406 We're here for you. Please DM us some further details and we can go from there. https://t.co/GDrqU22YpT,ios_update,yes,Update-related performance issue requires troubleshooting.,updated to new ios and i can barely use my phone because it is lagging so bad ready to lose it,ios_update,0.9886892335745744,0.3922204462583333,yes,True
946824,@115858 y’all think Ima update to the iPhone 8 or X well guess what? IM NOT since that damn update my phone been trippin 🙄🖕🏽,"@344529 What's going on, exactly? We'd be happy to help out.",ios_update,no,Issue has sufficient context for an initial automated response.,y all think ima update to the iphone or x well guess what im not since that damn update my phone been trippin,ios_update,0.9755850832569164,0.2806579953186591,yes,True
1646678,Hey @AppleSupport why can’t eye type the letter eye. Fix your stuff,@503132 Thanks for reaching out. We have a workaround for this here: https://t.co/xXaXeeSRt9 DM us if you still need help. https://t.co/GDrqU22YpT,device_hardware,yes,Input/keyboard issue requires further investigation.,hey why can t eye type the letter eye fix your stuff,other,0.7043085442920981,0.7631180784355207,no,True
2123946,@115858 @115858 @AppleSupport my iPhone 6 is still randomly rebooting on iOS 11.1 after extensive troubleshooting with Apple. Any ideas?,@625632 We’d like to learn more about the situation. Can you confirm if you have a recent backup via DM? https://t.co/4f8hwT5to6 https://t.co/GDrqU22YpT,ios_update,yes,Repeated reboot issue after troubleshooting requires escalation.,my iphone is still randomly rebooting on ios after extensive troubleshooting with apple any ideas,ios_update,0.9195454359022738,0.2998336043867525,yes,True
2066354,@AppleSupport Help! My 5s is reverse charging 😱 Updated to 11 a few days ago 😟 It's my only phone 😳,@240578 We'd like to gather some more information for better troubleshooting. Can you DM us the country you are located in? https://t.co/GDrqU22YpT,battery_charging,yes,Charging-related abnormal behavior requires troubleshooting.,help my s is reverse charging updated to a few days ago it s my only phone,battery_charging,0.7747770731861444,0.4522080150472434,yes,True
1773669,"And can we address the issue with solitary I’s on the iPhone?! Why are they turning into a question mark emoji? What’s going on, @115858?!",@533066 Here’s what you can do to work around the issue until it’s fixed in a future software update: https://t.co/qODbOsp4wz,device_hardware,no,Text/input rendering issue has sufficient context for initial support.,and can we address the issue with solitary i s on the iphone why are they turning into a question mark emoji what s going on,other,0.7088387047479249,0.3583949050310361,yes,True
1616718,@115858 why are you changing everyone’s “I️” to “A ?” like wtf does that even mean,@495779 We've seen the issue you're talking about and we have a workaround for it: https://t.co/xXaXeeSRt9 Did that help?,device_hardware,no,Text/input rendering issue has sufficient context for initial support.,why are you changing everyone s i to a like wtf does that even mean,other,0.7805716692939764,0.3435445392354963,yes,True
1482433,@464216 @115858 @61235 lol same problem,@464619 Reach out to us in DM and let us know which iOS version you have. We'd like to help you too. https://t.co/GDrqU22YpT,other,yes,Insufficient context to safely resolve automatically.,lol same problem,other,0.9485174568039832,0.8176117446015045,no,True
2040816,Lmao now I️ have a black “I️” in my recent emojis because @115858 goofed 😂 fix this man it’s embarrassing,@603424 We'd like to take a closer look at what you're seeing. DM us with what type of device you're using to start. https://t.co/GDrqU22YpT,device_hardware,no,Text/input rendering issue has sufficient context for initial support.,lmao now i have a black i in my recent emojis because goofed fix this man it s embarrassing,other,0.674147736843047,0.4056579217294106,yes,True
557902,All I want to do is charge my phone. But noooo. The new iOS update won’t let me. 🙄🙄 @115858 @AppleSupport,@156557 This is not normal behavior. Let's look into this together. Can you provide us the iOS version on your device? This can be located in Settings &gt; General &gt; About &gt; Version. Which model iPhone are you experiencing this issue with?,battery_charging,yes,Charging issue after an update requires troubleshooting.,all i want to do is charge my phone but noooo the new ios update won t let me,battery_charging,0.6572415016277808,0.4759814050643974,yes,True
2948309,@115858 iphone sucks ass all my apps crash now and i havnt even had this iphone 6s for a year,"@814272 You definitely shouldn't have issues with your apps, you're in the right place for help. To get us started through troubleshooting, are you having issues with all apps such as pre-installed and ones you've download? Also, what iOS version is on the iPhone?",apps,no,App crashes with sufficient context for initial support.,iphone sucks ass all my apps crash now and i havnt even had this iphone s for a year,apps,0.7930498657144307,0.2925892770531573,yes,True
1897893,@AppleSupport hi it's an old iPhone 4s and iOS 7.1.2 . Thanks,@544654 Got it! Does this happen over cellular and Wi-Fi? Have you tried restarting your iPhone 4s to see if the issue persist?,ios_update,no,Question provides sufficient context for an initial response.,hi it s an old iphone s and ios thanks,ios_update,0.9311355327749996,0.5461438704979467,yes,True
2277963,I️ I️ I️ I️ I️ I️ I️ I️ I️ I️ I️ I️ I️ I️ I️ I️ I️ I️ I️ I️ I️ I️ I️ I️ I️ I️ I️ I️ I️ I️ I️ I️ I️ I️ I️ I️ I️ I️ I️ I️ I️ I️ I️ I️ I️ I️ I️ I️ I️ I️ I️ I️ I️ I️ I️ I️ I️ I️ I️ I️ I️ I️ @115858 fix this shit now,"@366412 We’d like to look into this with you. To start, send us a DM confirming which device and iOS version you’re using. https://t.co/GDrqU22YpT",other,yes,Insufficient actionable context.,i i i i i i i i i i i i i i i i i i i i i i i i i i i i i i i i i i i i i i i i i i i i i i i i i i i i i i i i i i i i i i fix this shit now,other,0.956160613569329,1.0,no,True
2285859,"@AppleSupport how far, I dey hear the sound of my MacBook Air fan. Why like that ?",@664232 Meet us in DM and we can dig into this with you from there. https://t.co/GDrqU22YpT,device_hardware,yes,Historical resolution indicates further investigation or direct support.,how far i dey hear the sound of my macbook air fan why like that,other,0.3642559222580263,0.3489762323674442,yes,True
412354,@AppleSupport 11.0.2. Haven’t seen them since 11.0.,@213388 Let's look into this together. Join us in DM so we can better assist you: https://t.co/GDrqU22YpT,ios_update,yes,Historical resolution indicates further investigation or direct support.,haven t seen them since,other,0.6004793815647403,0.2858621683217003,yes,True
2647371,....@AppleSupport  my 8Plus just started making a crackling noise when trying to watch videos... what Can I do to fix it?! It’s driving me crazy!,"@127941 Hey, let's take a look into that unexpected noise. First, can you tell us if you hear the noise through the speaker or through headphones? Also, what's the exact iOS version currently installed?",device_hardware,yes,Historical resolution indicates further investigation or direct support.,my plus just started making a crackling noise when trying to watch videos what can i do to fix it it s driving me crazy,device_hardware,0.63916230187421,0.3645961081595842,yes,True
2958726,"@AppleSupport Oh, sorry, of course. 
I just asked if it's already possible to charge the #iPhone8 or #iPhoneX wireless? Or do we have to wait for an update?",@816604 Wireless charging is already available on the iPhone 8 and iPhone X. Compatible wireless charging mats are sold separately. Check out this link to learn more: https://t.co/5850eWPUr4 Let us know if you need any other information.,battery_charging,no,Issue has sufficient context for an initial automated response.,oh sorry of course i just asked if it s already possible to charge the iphone or iphonex wireless or do we have to wait for an update,battery_charging,0.8276883119541193,0.2593120342517154,yes,True
487903,@115858 y’all are really pissing me off with I.T changing to I.T,"@231129 You've come to the right place doe help with your iPhone. To get started, can you tell us what iOS version you're using? Here's how to find it: https://t.co/ZTw54HL4Rm",other,no,Issue has sufficient context for an initial automated response.,y all are really pissing me off with i t changing to i t,other,0.7466716675328292,0.5549716137201601,no,True
316112,"@AppleSupport Tired of seeing these boxes with question marks in them. It’s on both of my iphones, so it must be the latest update.","@191475 iOS 11.1.1 was recently released and it includes a fix for autocorrect issues. Be sure to back up your device prior to updating, and let us know if the issue persists afterwards. How to back up: https://t.co/4f8hwT5to6",ios_update,no,Issue has sufficient context for an initial automated response.,tired of seeing these boxes with question marks in them it s on both of my iphones so it must be the latest update,ios_update,0.8144830872252696,0.6507961755446312,no,True
842527,@AppleSupport Hi. My music on my iPhone is assuming I need applemusic to play even though all the songs I have downloaded and paid for?,"@122679 We love our music too, so let’s get this working.  Are you a current Apple Music subscriber? Any specific error message?",apple_services,no,Issue has sufficient context for an initial automated response.,hi my music on my iphone is assuming i need applemusic to play even though all the songs i have downloaded and paid for,apps,0.3766504291139348,0.316699505913082,yes,True
1694906,@115858 otherwise it all gets screwed up. This is extremely inconvenient,@514244 Let's see how we can help over Twitter. What's the iPhone model you have? What about the computer model with iTunes?,other,no,Issue has sufficient context for an initial automated response.,otherwise it all gets screwed up this is extremely inconvenient,other,0.6977534946121341,0.3242636286217562,yes,True
1000099,"@AppleSupport my iPhone X keeps getting a ""Could Not Activate iPhone"" error. Is the activation server down?","@356773 Congrats on the new iPhone X! These steps can help with Activation issues: https://t.co/cJ57VP3gxT
DM us if still an issue. https://t.co/GDrqU22YpT",device_hardware,yes,Historical resolution indicates further investigation or direct support.,my iphone x keeps getting a could not activate iphone error is the activation server down,other,0.687988542345185,0.5203730129165959,yes,True
1188322,@AppleSupport Out and about presently will do when back in office. Thank you. Geoff,@399446 No worries. We are here to help.,other,no,Issue has sufficient context for an initial automated response.,out and about presently will do when back in office thank you geoff,other,0.5802845510246586,0.3532675791101863,yes,True
1780297,"@115858 @AppleSupport Con última actualización iOS11.0.3 mi iPhone7 funciona pésimo se actualiza solo, dice no reconocer SIM 👎🏻 https://t.co/8J5G4UlCQw",@534869 We offer support via Twitter in English. Get help in Spanish here: https://t.co/IBIY3vMgPj or join https://t.co/OczyRx7IOs,ios_update,no,Issue has sufficient context for an initial automated response.,con ltima actualizaci n ios mi iphone funciona p simo se actualiza solo dice no reconocer sim,ios_update,0.7964542045551177,0.3087666377387416,yes,True
1650170,@115858 wassup with all these boxes and exclamation points and Shit 👀,@504038 Here’s what you can do to work around the issue until it’s fixed in a future software update: https://t.co/qODbOsp4wz,other,no,Issue has sufficient context for an initial automated response.,wassup with all these boxes and exclamation points and shit,other,0.8072857940336403,0.5338905655978473,yes,True
2555462,My phone moving like a 🐌 with this recent software update😤 @AppleSupport,"@725650 We'd like to see what we can do to assist. When did this start happening? Just to confirm, are you fully up-to-date running iOS 11.1.1?",ios_update,no,Issue has sufficient context for an initial automated response.,my phone moving like a with this recent software update,ios_update,0.9427159703566064,0.345632957689884,yes,True
228328,"@115858 Moreover, my phone freezes randomly / the playback stops when the notification pops up / many more bugs found on this Beta—@AppleSupport.","@170433 Understood. When you have a moment, please send us over a DM. We'll look into options available there. https://t.co/GDrqU22YpT",other,yes,Historical resolution indicates further investigation or direct support.,moreover my phone freezes randomly the playback stops when the notification pops up many more bugs found on this beta,apps,0.5350662663847743,0.2378487954582301,yes,True
1024353,"@AppleSupport Screen goes dead, apps cut out, can’t hear ppl on phone until rebooted, time&amp;date disappear from lock screen. #iosupdate #sortitout",@362413 We want to help. Meet us in DM and we'll work towards a solution together. https://t.co/GDrqU22YpT,device_hardware,yes,Historical resolution indicates further investigation or direct support.,screen goes dead apps cut out can t hear ppl on phone until rebooted timeanddate disappear from lock screen iosupdate sortitout,device_hardware,0.5323008674743329,0.2389148344486019,yes,True
2004662,@115858 You guys destroyed my phone with these updates I️ have great battery life no problems and now since iOS 11 it’s been pure shit,@592800 We'd like to help out with the concerns mentioned. Can you let us know the device model we are working with? Send us a DM. https://t.co/GDrqU22YpT,battery_charging,yes,Historical resolution indicates further investigation or direct support.,you guys destroyed my phone with these updates i have great battery life no problems and now since ios it s been pure shit,battery_charging,0.8265296297876301,0.3013010235887665,yes,True
1338989,"dear @AppleSupport, can you please sort my notifications by app?",@432332 To submit this suggestion please follow this link: https://t.co/BmYWoY9Vvi,apps,no,Issue has sufficient context for an initial automated response.,dear can you please sort my notifications by app,apps,0.7987208807738893,0.4724540110667707,yes,True
1088882,@376865 @AppleSupport I recently switched from a single plan to a family plan with my fiance. All I can figure is that it only comes up under his now.,@376369 That is entirely possible. Family plans function differently with each carrier.,account_payment,no,Issue has sufficient context for an initial automated response.,i recently switched from a single plan to a family plan with my fiance all i can figure is that it only comes up under his now,other,0.3824313876238297,0.265166743833308,yes,True
2447540,My 6 Plus been acting like a 3GS @115858  fix it plz,"@701596 We'd like to help in any way we can. Please send us a DM with more details, and we'll get started. https://t.co/GDrqU22YpT",device_hardware,yes,Historical resolution indicates further investigation or direct support.,my plus been acting like a gs fix it plz,other,0.7677463310486365,0.3576636943955251,yes,True
1708443,"@AppleSupport Phone alternates between black, Apple logo, and sometimes a horizontal line. It’s being doing this for 3 hrs now.","@517701 Attempt the steps in this article, and let us know your results: https://t.co/8MvHMFZ83h",device_hardware,no,Issue has sufficient context for an initial automated response.,phone alternates between black apple logo and sometimes a horizontal line it s being doing this for hrs now,apps,0.8174979576664189,0.3044358640961907,yes,True
1710751,Please fix iOS 11 update for iPad. I can’t use my iPad as it is full off bugs. PLEASE FIX ASAP @applesupport #iOS11 #Apple,@357408 What's going on exactly? We'd be happy to help.,ios_update,no,Issue has sufficient context for an initial automated response.,please fix ios update for ipad i can t use my ipad as it is full off bugs please fix asap ios apple,ios_update,0.9888648143616244,0.3646026124538639,yes,True
2517113,special shoutout to the new @115858 update for messing up my phone and causing me to lose everything ❤️❤️❤️❤️,@717021 We'd love to see what we can do to retrieve your information. Meet up with us in DM to get started. https://t.co/GDrqU22YpT,ios_update,yes,Historical resolution indicates further investigation or direct support.,special shoutout to the new update for messing up my phone and causing me to lose everything,ios_update,0.9512040432919652,0.3390830825041284,yes,True
2555297,@AppleSupport hi. Why is my music coming up like this. I've downloaded it already https://t.co/brZgMhddnt,@725612 We'd be happy to assist with your music today. Send us a DM to get started. https://t.co/GDrqU22YpT,apple_services,yes,Historical resolution indicates further investigation or direct support.,hi why is my music coming up like this i ve downloaded it already,other,0.661662891929553,0.3359634233684488,yes,True
1795566,@AppleSupport hi my daughter has an iPhone 7 under a year old and her headphones aren’t working do you cover these under warranty?,"@539545 We understand how important the EarPods are and we'll help. To start, please provide us with which country you're in. DM us. https://t.co/GDrqU22YpT",device_hardware,yes,Historical resolution indicates further investigation or direct support.,hi my daughter has an iphone under a year old and her headphones aren t working do you cover these under warranty,other,0.3534670458304101,0.2863364073119265,yes,True
2801467,"@AppleSupport I am able to sign in to a non admin account, but when I try to make changes I am prompted for my Apple ID and password, which are rejected. They are both known to be correct and working on other Apple devices",@781516 Can you send us a screenshot of the message where it asks for your password when you try to make changes? Send it in a DM with the link below. https://t.co/GDrqU22YpT,account_payment,yes,Account or payment-related issue may require secure human support.,i am able to sign in to a non admin account but when i try to make changes i am prompted for my apple id and password which are rejected they are both known to be correct and working on other apple devices,account_payment,0.9998640452616188,0.2042855580949479,yes,True
1741640,@AppleSupport Thank you 🙏,@525427 You're welcome! Don't hesitate to reach out to us if you need us again in the future. Have a great day.,other,yes,Insufficient context to safely resolve automatically.,thank you,other,0.9363635487331426,1.0,no,True
2121589,After upgrading to iOS 11 the battery drains really fast when using mobile data while travelling. Never seen such issues before. @AppleSupport @115858,@245900 We'd love to help! We know how important the battery is for your iPhone. Are you using a specific app when this happens? DM us. https://t.co/GDrqU22YpT,battery_charging,yes,Historical resolution indicates further investigation or direct support.,after upgrading to ios the battery drains really fast when using mobile data while travelling never seen such issues before,battery_charging,0.9910622489925546,0.2994470089090575,yes,True
386884,"@115858 while the new ios is okay, why the hell does it ALWAYS turn on WiFi and Bluetooth?! It’s killing battery for nothing! Sort it out.",@207583 We're glad to help. Wi-Fi and Bluetooth options in the Control Center have been updated for iOS 11: https://t.co/vzVz37YMv0,battery_charging,no,Issue has sufficient context for an initial automated response.,while the new ios is okay why the hell does it always turn on wifi and bluetooth it s killing battery for nothing sort it out,battery_charging,0.7237962639425625,0.31942560045459,yes,True
2056943,@AppleSupport I have the iPhone 7 Plus and the newest iOS. Can y’all please make a new iOS to fix the battery issue?,@608340 We'd be glad to look into this with you. DM us more information about your issue and we'll continue from there: https://t.co/GDrqU22YpT,battery_charging,yes,Historical resolution indicates further investigation or direct support.,i have the iphone plus and the newest ios can y all please make a new ios to fix the battery issue,battery_charging,0.905465567868066,0.4304536929495628,yes,True
1386690,@AppleSupport I got the new #iPhoneX before the weekend. Is it just me or cant you close apps like before with push them up? It dosent work.,"@442666 We can assist. There is an extra step. From the App Switcher, long press any app until you see the minus sign. Then swipe up.",apps,no,Issue has sufficient context for an initial automated response.,i got the new iphonex before the weekend is it just me or cant you close apps like before with push them up it dosent work,apps,0.6019955263732488,0.2447891666911988,yes,True
2301989,@AppleSupport iPhone 6 iOS version 11.1,@668063 DM us and we'll go from there. https://t.co/GDrqU22YpT,ios_update,yes,Historical resolution indicates further investigation or direct support.,iphone ios version,ios_update,0.9998002716561388,1.0,no,True
1443382,"@115858 @AppleSupport fix these boxes right neoooww! 🗣🤬

Please! ☺️",@454901 Let's see what's going on. Send us a DM and let us know which version of iOS you're using. https://t.co/GDrqU22YpT,other,yes,Historical resolution indicates further investigation or direct support.,fix these boxes right neoooww please,other,0.9360853686025384,0.896209369128548,no,True
1449180,I updated my fucking phone &amp; im still seeing boxes @115858 Steve Jobs would never!,@456273 We want to get your keyboard responding correctly.  Please meet us in DM and we'll guide you from there. https://t.co/GDrqU22YpT,ios_update,yes,Historical resolution indicates further investigation or direct support.,i updated my fucking phone and im still seeing boxes steve jobs would never,ios_update,0.9038080147967682,0.4743016428144449,yes,True
2307955,@AppleSupport Meh doesn't work :(. Oh lawd why you hate me:(.,@669478 Did you receive any error messages while trying to update? Let us know by joining us in DM using this link: https://t.co/GDrqU22YpT,other,yes,Historical resolution indicates further investigation or direct support.,meh doesn t work oh lawd why you hate me,other,0.7206745461113313,0.4771153744256585,yes,True
1019395,@115858 will the ifone5c not work much longer with this ios11 update? Disappointed daughter in here losing wifi,"@361207 If you're noting issues with the Wi-Fi on your iPhone, we'd like to help. What specifically seems to be going on?",ios_update,no,Issue has sufficient context for an initial automated response.,will the ifone c not work much longer with this ios update disappointed daughter in here losing wifi,ios_update,0.98699733259278,0.2703087655238564,yes,True
1772919,.@115858 FIX THIS I️ I️ I️ I️ I️ I️ I️ I️ I️ I️ I️ I️ I️ I️ I️ I️ I️ I️ I️ I️ I️ I️ I️ I️ I️ I️ I️ I️ I️ I️ I️ I️ I️ I️ I️ I️ I️ I️ I️ I️ I️ I️,@532854 Here’s what you can do to work around the issue until it’s fixed in a future software update: https://t.co/xXaXeeSRt9,other,no,Issue has sufficient context for an initial automated response.,fix this i i i i i i i i i i i i i i i i i i i i i i i i i i i i i i i i i i i i i i i i i i,other,0.9872452022480492,1.0000000000000002,no,True
2294462,@AppleSupport please help?😅قبل لا انجلط https://t.co/FBVeAq6bDk,@666259 Does restarting your computer make this go away? Send us a DM with as many details as possible on what's going on and what the computer was doing before this happened. https://t.co/GDrqU22YpT,other,yes,Historical resolution indicates further investigation or direct support.,please help,other,0.8691852841260541,1.0,no,True
38246,@AppleSupport new update  11.0.3 has made my cell slow like samsung. The main reason me buying apple was a hope that it doesnt hang! 😐,"@124310 We can help. We’ve released iOS 11.1. Let’s make sure you have a backup, and update your iPhone: https://t.co/80YRnjDFDk",ios_update,no,Issue has sufficient context for an initial automated response.,new update has made my cell slow like samsung the main reason me buying apple was a hope that it doesnt hang,ios_update,0.7493193400482167,0.2524411148467025,yes,True
2622760,@AppleSupport what is going on with not sending videos to a android user?  Now not getting messages. What is going on!??!!!,@740970 Thanks for reaching out to us. We are always happy to help. Send us a DM so we can look into this issue with you. https://t.co/GDrqU22YpT,apple_services,yes,Historical resolution indicates further investigation or direct support.,what is going on with not sending videos to a android user now not getting messages what is going on,other,0.6153944301787262,0.5173307454067937,yes,True
1892241,@115858 you guys need to add force touch to the control center buttons and actually let people shit off WiFi and Bluetooth,@564216 We'd like to look into this. What's your current iOS version? You can check in Settings &gt; General &gt; About. https://t.co/GDrqU22YpT,wifi_connectivity,yes,Historical resolution indicates further investigation or direct support.,you guys need to add force touch to the control center buttons and actually let people shit off wifi and bluetooth,wifi_connectivity,0.9648209111021996,0.3006163355077393,yes,True
935956,@AppleSupport iOS 11.0.3. iPhone 7 Plus. Thank you!,@341890 Do you have access to a computer that has or could be used for iTunes for the purposes of restoring your iPhone?,ios_update,no,Issue has sufficient context for an initial automated response.,ios iphone plus thank you,ios_update,0.9789985020240268,0.6049822938197732,no,True
2947087,@AppleSupport El Capitain has broken internet sharing over ethernet and wifi.Is there a fix .None from apple support work.Sharing has worked seamlessly for 8 years under very other OS.Thanks,"@813982 Let's look into this together. Send us a DM with more information, and we'll continue from there. https://t.co/GDrqU22YpT",wifi_connectivity,yes,Historical resolution indicates further investigation or direct support.,el capitain has broken internet sharing over ethernet and wifi is there a fix none from apple support work sharing has worked seamlessly for years under very other os thanks,wifi_connectivity,0.9871086358856688,0.2069026559682311,yes,True
1881934,@AppleSupport why is my iPhone 7 restarting 12+ times a day on its own? 😡,@561604 Let's get this figured out together. Do you notice your iPhone powering off when taking specific actions? Let us know in DM. https://t.co/GDrqU22YpT,device_hardware,yes,Historical resolution indicates further investigation or direct support.,why is my iphone restarting times a day on its own,other,0.5177956355250032,0.4166384336376394,yes,True
1814291,@AppleSupport  how do I get rid of the obnoxious dialogue box of duplicate icons? https://t.co/ksd5Xjy6aQ,@439759 You can disable Recent apps in the Dock at Settings &gt; General &gt; Multitasking &amp; Dock: https://t.co/WTnoQ22YPG DM us questions. https://t.co/GDrqU22YpT,how_to,yes,Historical resolution indicates further investigation or direct support.,how do i get rid of the obnoxious dialogue box of duplicate icons,how_to,0.9446546855458676,0.5186006595062057,yes,True
1828295,"@AppleSupport on my phone, in Safari, it doesn’t want to let me copy, paste or search into the address bar at the top. Help!",@203476 Thank you for reaching out to us. We'd like to look into this with you. Please DM us the device you are using. https://t.co/GDrqU22YpT,apps,yes,Historical resolution indicates further investigation or direct support.,on my phone in safari it doesn t want to let me copy paste or search into the address bar at the top help,other,0.2776694400591667,0.2804431807960042,yes,True
2583162,Might have to make @115858 Genius Bar appointment soon too bad my warranty expire today this iOS version is no good https://t.co/eAHtmiBoJC,"@548736 We expect you to have a great experience with iOS 11.1.1. Tell us a bit about what's going on, we'll be happy to partner with you to investigate, and work on a solution.",ios_update,yes,Historical resolution indicates further investigation or direct support.,might have to make genius bar appointment soon too bad my warranty expire today this ios version is no good,ios_update,0.5903443170414128,0.3479129577719966,yes,True
1162164,"Really hating when my letter “I️” turns into this -&gt; I️ 
It’s so annoying, please fix it @AppleSupport",@393440 Here’s what you can do to work around the issue until it’s fixed in a future software update: https://t.co/xXaXeeSRt9,device_hardware,no,Issue has sufficient context for an initial automated response.,really hating when my letter i turns into this gt i it s so annoying please fix it,other,0.7927280055521243,0.4039889893638826,yes,True
2131159,my phone just went from 40% to 38% like I swear it’s literally on the charger..@115858 do better.,@627220 We want you to be able to charge your phone. Were you using it when you experienced this? Let us know in DM. https://t.co/GDrqU22YpT,battery_charging,yes,Historical resolution indicates further investigation or direct support.,my phone just went from to like i swear it s literally on the charger do better,battery_charging,0.9380303611985346,0.5208817705900161,yes,True
1579817,@115858 fix this please,@486443 Let's try the steps listed in this article. https://t.co/xU1AGHStV6. Let us know if you need any further help.,other,yes,Insufficient context to safely resolve automatically.,fix this please,other,0.956638512341356,1.0,no,True
2432876,@115858 @AppleSupport can kiss my ass. Phone dies 30 days after warranty expires? total hardware fail. Any the solution is to buy a new one? Serious?,@698212 Thanks for reaching out. We're here to help. DM us so we can look into this further with you. https://t.co/GDrqU22YpT,device_hardware,yes,Historical resolution indicates further investigation or direct support.,can kiss my ass phone dies days after warranty expires total hardware fail any the solution is to buy a new one serious,other,0.4015433995348763,0.2445710669552306,yes,True
1864565,@115858 my phone has been plugged in for over an hour and has went from 27% to 9% get your shit together 🙂,@557069 Let's work on it together. Does your sound show the charging indicator while plugged in? Which version of IOS is installed?,battery_charging,no,Issue has sufficient context for an initial automated response.,my phone has been plugged in for over an hour and has went from to get your shit together,other,0.4643346446009612,0.4901061991958672,yes,True
257212,"@AppleSupport I have a WiFi connection, but to the right of the indicator, top left of screen, there is the “spinning wheel” draining my battery.","@177175 We'll help out. That icon indicates there is network activity, as shown here: https://t.co/4NpldadydV
Questions? DM us. https://t.co/GDrqU22YpT",battery_charging,yes,Historical resolution indicates further investigation or direct support.,i have a wifi connection but to the right of the indicator top left of screen there is the spinning wheel draining my battery,battery_charging,0.8362000783632292,0.2721425955665583,yes,True
793719,My phone's been acting up since the announcement for the iPhone 8. @AppleSupport you ain't slick,"@309268 We'd love to help out. What's going on with your iPhone? Also, what's the iOS version? DM us. https://t.co/GDrqU22YpT",other,yes,Historical resolution indicates further investigation or direct support.,my phone s been acting up since the announcement for the iphone you ain t slick,other,0.5841507442442385,0.4483552080316286,yes,True
2683850,"@AppleSupport we secured @263821 tickets for my brother but safari wouldn't load the verify page and we lost them! A verify page is part of every website transaction, why doesn't it load on safari?!","@754863 We'd like to see if we can help with Safari. To start, which device are you experiencing this on, and which software version is it running? Let us know in DM, and we'll go from there. https://t.co/GDrqU22YpT",apps,yes,Historical resolution indicates further investigation or direct support.,we secured tickets for my brother but safari wouldn t load the verify page and we lost them a verify page is part of every website transaction why doesn t it load on safari,other,0.3944580254919606,0.2082413323548029,yes,True
1741616,@AppleSupport I’ve checked the software update but it says that my iOS is up to date.,@525420 Let's meet in DM so we can get some specific information about your iPhone. https://t.co/GDrqU22YpT,ios_update,yes,Historical resolution indicates further investigation or direct support.,i ve checked the software update but it says that my ios is up to date,ios_update,0.9981371157844472,0.5378941243903825,yes,True
1998719,So yall just not gon fix these boxes? @115858,@590976 We're here to help.  DM us the exact issue you're currently having and we'll be happy to look into it with you. https://t.co/GDrqU22YpT,device_hardware,yes,Historical resolution indicates further investigation or direct support.,so yall just not gon fix these boxes,other,0.8577852001991301,0.7230855672926595,no,True
1145082,@AppleSupport After updating to 11.0.3 all the more touch issues...tap in some area creates actions of touch in random area...keypad types random things 😡,@389493 Thanks for updating your device and keeping us updated. Let's look further into this in DM here: https://t.co/GDrqU22YpT,ios_update,yes,Historical resolution indicates further investigation or direct support.,after updating to all the more touch issues tap in some area creates actions of touch in random area keypad types random things,other,0.404906964485834,0.2441576910022225,yes,True
568450,"@AppleSupport The 11.2 is what I updated to. Since that tweet, down to 60%",@253132 Let's dig further into this together. DM us what version of iOS you were running prior to updating and we'll continue from there. https://t.co/GDrqU22YpT,ios_update,yes,Historical resolution indicates further investigation or direct support.,the is what i updated to since that tweet down to,ios_update,0.8862028173159662,0.297255172344802,yes,True
1806984,"@AppleSupport I WAS excited until I wasn't able to download or listen to the album, same thing that happens to me with Beyonce's Lemonade, album that was released ""a few MONTHS ago"" and I was never able to download after o purchased it on iTunes",@542870 We understand and we definitely want to help you get those albums downloaded. Did you run through the previously shared article yet?,apple_services,yes,Account or payment-related issue may require secure human support.,i was excited until i wasn t able to download or listen to the album same thing that happens to me with beyonce s lemonade album that was released a few months ago and i was never able to download after o purchased it on itunes,account_payment,0.8401831197225423,0.2392323481109975,yes,True
545178,Woke up and all my text have been deleted on my iphone... thanks @115858! #wtf,@246717 We appreciate you reaching out about your texts. Please DM us and we'll continue from there. https://t.co/GDrqU22YpT,other,yes,Historical resolution indicates further investigation or direct support.,woke up and all my text have been deleted on my iphone thanks wtf,other,0.6046852850931893,0.3573847869433577,yes,True
1677874,@AppleSupport I’m trying to get an iPhone X on upgrade program but every time I pick the iPhone X it says check back at 06:00?,@510346 Let's get you to the right spot. Reach out to our Online Sales team for help with purchasing: https://t.co/8yjRd1Xo0i,account_payment,no,Issue has sufficient context for an initial automated response.,i m trying to get an iphone x on upgrade program but every time i pick the iphone x it says check back at,ios_update,0.6318173390626813,0.3635295525961238,yes,True
1881834,With each update I do my new phone gets worse. Freezes and just overall blows. Not sure if y’all do this on purpose or what??? @AppleSupport,"@299946 That’s not the experience we want for you. DM us which version of iOS 11 your iPhone is on currently, and we'll partner up. https://t.co/GDrqU22YpT",ios_update,yes,Historical resolution indicates further investigation or direct support.,with each update i do my new phone gets worse freezes and just overall blows not sure if y all do this on purpose or what,ios_update,0.6497371567274505,0.2811954608662498,yes,True
1770973,Ever since I updated to IOS 11.1 my phone has been so slow @AppleSupport,@532372 Thank you for reaching out to us. We've received your DM and will continue support from there.,ios_update,yes,Historical resolution indicates further investigation or direct support.,ever since i updated to ios my phone has been so slow,ios_update,0.9995478436643784,0.7376975582702667,no,True
2016585,"Hey, @115858 I️’d appreciate it if you stop fucking up our current iPhones whenever a new one comes out. Thanks, pendejos.","@596354 We are here for you. DM us and let us know more about your situation, including device and iOS version. Thanks in advance. https://t.co/GDrqU22YpT",other,yes,Historical resolution indicates further investigation or direct support.,hey i d appreciate it if you stop fucking up our current iphones whenever a new one comes out thanks pendejos,apps,0.554590716968984,0.279790704989511,yes,True
2918914,@AppleSupport I’m sure what do say on a DM. It’s an issue out of the box with factory settings.,@807890 Once you reach out to us in DM we can look further into this with you. https://t.co/GDrqU22YpT,other,yes,Historical resolution indicates further investigation or direct support.,i m sure what do say on a dm it s an issue out of the box with factory settings,how_to,0.8515880832366457,0.2844309918487688,yes,True
1911443,It’s been 3 hrs and I’ve had to reset my phone 8 times ever since ive downloaded the new iOS @AppleSupport ... @122609 next phone?,"@569400 We're glad you reached out and we'll be happy to help. To start, DM us a few more details about why you've had to restart it. https://t.co/GDrqU22YpT",ios_update,yes,Historical resolution indicates further investigation or direct support.,it s been hrs and i ve had to reset my phone times ever since ive downloaded the new ios next phone,ios_update,0.918352818058711,0.3858648507835604,yes,True
978596,I️ wonder when this is going to stop @AppleSupport,@352090 Thanks for reaching out. We have a workaround for this here: https://t.co/xXaXeeSRt9 DM us if you still need help. https://t.co/GDrqU22YpT,other,yes,Historical resolution indicates further investigation or direct support.,i wonder when this is going to stop,other,0.7383904638458156,0.404642199229094,yes,True
652953,@AppleSupport Is there a parental control I can put on my phone to stop apps being purchased from my daughters phone,"@275259 Great question! You can use Restrictions on your daughter's phone to prevent purchases. Take a look at the section ""Prevent in-app purchases or disable purchasing"" here: https://t.co/c8E8kWRAIs",account_payment,yes,Account or payment-related issue may require secure human support.,is there a parental control i can put on my phone to stop apps being purchased from my daughters phone,account_payment,0.851571534579533,0.2516867676020968,yes,True
1552169,@AppleSupport what the heck is going on right now with the letter “eye”?!?!? I️ is what is being displayed every time. This is 🍌🍌🍌🍌🍌🍌,@480273 Let's meet up in DM and discuss this further. Which model device and software are you using? https://t.co/GDrqU22YpT,device_hardware,yes,Historical resolution indicates further investigation or direct support.,what the heck is going on right now with the letter eye i is what is being displayed every time this is,device_hardware,0.5482224831248964,0.4351832589332252,yes,True
1682467,"@AppleSupport if y’all don’t fix this exclamation point, question mark thing i’m going to scream.",@511459 Here’s what you can do to work around the issue until it’s fixed in a future software update: https://t.co/xXaXeeSRt9,device_hardware,no,Issue has sufficient context for an initial automated response.,if y all don t fix this exclamation point question mark thing i m going to scream,other,0.9038224242509242,0.4794842957844098,yes,True
1679959,@AppleSupport your update fucked my phone up,@510861 We've received your message. Look for our reply in DM.,ios_update,yes,Historical resolution indicates further investigation or direct support.,your update fucked my phone up,ios_update,0.9953957512750506,1.0,no,True
1997397,@115858 @AppleSupport  my phone is updated but my I️ is still a box and I️ don’t have the new emojis. What’s the tea? https://t.co/3QEka86RHY,"@590596 Which device and version of iOS are you using? Check Settings &gt; General &gt; About, and let us know in DM. https://t.co/GDrqU22YpT",ios_update,yes,Historical resolution indicates further investigation or direct support.,my phone is updated but my i is still a box and i don t have the new emojis what s the tea,ios_update,0.8443870844564303,0.3639939603857041,yes,True
1765856,Hey @115858 is there any known issues of Siri not receiving microphone data? She hasn't worked since a recent update.,"@531063 We want to help you. DM us which device and OS version you're running, we'll continue there: https://t.co/GDrqU22YpT",ios_update,yes,Historical resolution indicates further investigation or direct support.,hey is there any known issues of siri not receiving microphone data she hasn t worked since a recent update,ios_update,0.7645358140116174,0.2944346187688205,yes,True
1948196,@115858 Some of the latest IOS updates have pretty much killed my iPhone 7+. Touch is crap now and locks up often. iPhone 10 - No Thanks..,@578846 We want to help with your iPhone. Please DM us details of the issues you're having and include which country you're in to start. https://t.co/GDrqU22YpT,ios_update,yes,Historical resolution indicates further investigation or direct support.,some of the latest ios updates have pretty much killed my iphone touch is crap now and locks up often iphone no thanks,ios_update,0.969651129410931,0.2597657016939354,yes,True
2505016,Ok is anyone else’s iPhone autocorrecting it to I.t ?!? Help! @115858 😫😫😫,"@714343 Thank you for taking the time to reach out to us. We want to help. To start, which software version are you using on your iPhone?",device_hardware,no,Issue has sufficient context for an initial automated response.,ok is anyone else s iphone autocorrecting it to i t help,other,0.848309945550391,0.5161015468143013,yes,True
1868633,@115858 I’m going to need there to be an update where my phone doesn’t freeze when I’m sending photos...... thx,"@558176 Let us know via DM the model of iPhone you're using, then we can work with you on resolving this from there. https://t.co/GDrqU22YpT",ios_update,yes,Historical resolution indicates further investigation or direct support.,i m going to need there to be an update where my phone doesn t freeze when i m sending photos thx,ios_update,0.7635711232472503,0.3648112277424397,yes,True
2676518,@AppleSupport I need your help this is very disappointing to have been actualized my iPhone and it doesn’t work! Help!!,"@753317 We're here for you. Are you experiencing issues with activation? If not, let us know more about what's happening.",ios_update,no,Issue has sufficient context for an initial automated response.,i need your help this is very disappointing to have been actualized my iphone and it doesn t work help,other,0.3817648008163782,0.4302512348032767,yes,True
361452,When is the #iWatch3 38mm Space Grey gonna be available in #Dubai stores?? It's all sold out &amp; not one piece is available! 😟 @AppleSupport,@201601 We'll get you to the right place to get some help. Contact our team at the Apple Online Store here: https://t.co/8yjRd1Xo0i,other,no,Issue has sufficient context for an initial automated response.,when is the iwatch mm space grey gonna be available in dubai stores it s all sold out and not one piece is available,other,0.5710003759168678,0.2516986576071218,yes,True
1550816,HELLO @115858 PLS FIX https://t.co/koMFfTw5hH,@479959 Hello. We are here to help. Send us a DM and we'll help out from there. https://t.co/GDrqU22YpT,other,yes,Insufficient context to safely resolve automatically.,hello pls fix,other,0.8880353286746309,0.6037393451552672,no,True
764857,@AppleSupport why dont old videos on my phone play? They show a buffering type circle ... very annoying,@302806 Let's look into that. Send us a DM and we'll go from there. https://t.co/GDrqU22YpT,other,yes,Historical resolution indicates further investigation or direct support.,why dont old videos on my phone play they show a buffering type circle very annoying,other,0.614378823519413,0.3401502009632848,yes,True
2113856,@115858 y’all better fix this update I checked the time on my phone and it went from 88% to 66% https://t.co/5RBnSCk6ja,@623250 We're happy to assist. Which iOS version are you currently running? Go to Settings &gt; General &gt; About for the version. DM us. https://t.co/GDrqU22YpT,ios_update,yes,Historical resolution indicates further investigation or direct support.,y all better fix this update i checked the time on my phone and it went from to,ios_update,0.9013787789586842,0.4664848991674434,yes,True
770510,@AppleSupport Hi. Just upgraded to iPhone 8 but got this message and apps won’t install. My old phone was 128 gb but only used 28gb space? https://t.co/dL01HCe4Ho,"@276444 Let's get this sorted. To get started, what version of iOS are you running? Next, does iTunes show the same storage amounts?",apps,no,Issue has sufficient context for an initial automated response.,hi just upgraded to iphone but got this message and apps won t install my old phone was gb but only used gb space,ios_update,0.4662319097186516,0.2317724578340897,yes,True
2077895,@4305 @AppleSupport what’s with the notifications or lack thereof? I’ve missed maybe 100 messages across different groups this weekend!!,@614545 We'd be happy to assist with your notifications. Can you DM us the device and version of iOS we are working with? https://t.co/GDrqU22YpT,apps,yes,Historical resolution indicates further investigation or direct support.,what s with the notifications or lack thereof i ve missed maybe messages across different groups this weekend,other,0.5100189660793365,0.300600726529582,yes,True
2674191,Has anybody else had issues since they updated to iOS 11.0.3? I definitely have @115858,@752823 We'd like to help! Send us a DM with details of what you are experiencing to continue. https://t.co/GDrqU22YpT,ios_update,yes,Historical resolution indicates further investigation or direct support.,has anybody else had issues since they updated to ios i definitely have,ios_update,0.9880271880542556,0.3829743847299097,yes,True
2053673,@115858 Having issues with notifications in 11.0.2 Ughhh,"@607365 We can troubleshoot notifications, and get them working again. Send us a DM, and we'll catch up with you there. https://t.co/GDrqU22YpT",ios_update,yes,Historical resolution indicates further investigation or direct support.,having issues with notifications in ughhh,other,0.4810175842531266,0.4417088480894054,yes,True
1144227,@AppleSupport  battery expires sooner than iOS 11.0.2. Current software 11.0.3.,@389314 Battery life is important for your device. We'd like to help you maximize the performance. Follow this: https://t.co/bivpdfBNJ6,battery_charging,no,Issue has sufficient context for an initial automated response.,battery expires sooner than ios current software,battery_charging,0.9650139354665308,0.4192169518107287,yes,True
449510,@AppleSupport This happens to me EVERY SINGLE WEEK! I need this podcast to keep me sane. What’s the fix? @221530 https://t.co/xFKzfPV8pR,"@221529 Thanks for reaching out! Have you tried playing this episode off of Wi-Fi? If so, do you receive the same results? Reply in DM to get started. https://t.co/GDrqU22YpT",other,yes,Historical resolution indicates further investigation or direct support.,this happens to me every single week i need this podcast to keep me sane what s the fix,apps,0.850308582739461,0.2109000550881372,yes,True
2621206,@AppleSupport How many more version updates are we gonna have to do till u get it right,"@740634 Thank you for reaching out. We want to help. To start, have you tried to restart your iPhone? If so, does this help even if only temporarily? If not, let’s try that now please.",ios_update,no,Issue has sufficient context for an initial automated response.,how many more version updates are we gonna have to do till u get it right,ios_update,0.517193527871104,0.3128749902480999,yes,True
742283,#ios11update is taking the piss out of my battery. I am not upgrading it that’s what @115858 are thinking. Charged my phone full 3 times 2day,@297501 We want to help. Send us a DM and we'll go from there. https://t.co/GDrqU22YpT,battery_charging,yes,Account or payment-related issue may require secure human support.,ios update is taking the piss out of my battery i am not upgrading it that s what are thinking charged my phone full times day,battery_charging,0.9987430337623134,0.3506341512362381,yes,True
228739,"@AppleSupport since I've updated my iPhone6 to the last IOS11 version, I'm having unexpected stops of the OS every moment, it is frustrating","@170549 We can understand your frustration, and want to help. DM us with more details of what's happening, and the exact iOS version: https://t.co/GDrqU22YpT",ios_update,yes,Historical resolution indicates further investigation or direct support.,since i ve updated my iphone to the last ios version i m having unexpected stops of the os every moment it is frustrating,ios_update,0.9987023690823192,0.41126539064647,yes,True
1373273,@AppleSupport Re download it,"@152855 We'll explain. If the app is no longer in the App Store, you will not be able to download it, even if you had previously.",other,yes,Insufficient context to safely resolve automatically.,re download it,other,0.7667272685589267,0.402547206879275,yes,True
850008,The number of times my #iPhone freezes everyday after updating to #iOS11 is ridiculous. Thinking about switching to #droid @AppleSupport ??,@321969 We want to help. Which version of iOS 11 do you have installed?,ios_update,no,Issue has sufficient context for an initial automated response.,the number of times my iphone freezes everyday after updating to ios is ridiculous thinking about switching to droid,ios_update,0.887593772533087,0.3178190651886406,yes,True
899989,@AppleSupport I think I accidently bought two family plans for apple music. &amp;my family’s iPhone 5c now only displays that something’s wrong,@144223 We want to look into this with you. DM us with more detail about the message and we'll pick up there. https://t.co/GDrqU22YpT,apple_services,yes,Historical resolution indicates further investigation or direct support.,i think i accidently bought two family plans for apple music andmy family s iphone c now only displays that something s wrong,apple_services,0.8272083446233456,0.2773850758895666,yes,True
2901919,@AppleSupport We are in the US,@803779 Let's work on your battery together. Please DM us with the link below to continue. https://t.co/GDrqU22YpT,other,yes,Insufficient context to safely resolve automatically.,we are in the us,other,0.6174138445866587,0.6685715246187173,no,True
2015298,@115858 can you please fix this???? I️,@595926 Thanks for reaching out. We have a workaround for this here: https://t.co/xXaXeeSRt9 DM us if you still need help. https://t.co/GDrqU22YpT,other,yes,Historical resolution indicates further investigation or direct support.,can you please fix this i,other,0.8869882977010428,1.0,no,True
973329,Horrible el servicio de @115858  @350833  en el @33838  todos jugando y ninguna solución me dieron ! Horrible,@350832 We offer support via Twitter in English. Get help in Spanish here: https://t.co/IBIY3vMgPj or join https://t.co/OczyRx7IOs,other,no,Issue has sufficient context for an initial automated response.,horrible el servicio de en el todos jugando y ninguna soluci n me dieron horrible,other,0.6085743549242978,0.3353601139539824,yes,True
1335720,@AppleSupport y’all need to fix iOS 11 cause this shit freezes my phone all the time and I got to reset my phone to download apps,"@431578 Let's team up on this. Send us a DM with more information, and we'll continue from there. https://t.co/GDrqU22YpT",ios_update,yes,Historical resolution indicates further investigation or direct support.,y all need to fix ios cause this shit freezes my phone all the time and i got to reset my phone to download apps,ios_update,0.7862387682073124,0.3722976747597109,yes,True
1583773,@487400 @AppleSupport @115858 What the *shit* https://t.co/Cv1ZbR5IDO,@487399 We're happy to help. Check out https://t.co/xU1AGIa4ME &amp; try the recommended steps. Let us know if you have any questions.,other,yes,Insufficient context to safely resolve automatically.,what the shit,other,0.8625284602204435,0.7626401737134446,no,True
2371076,"@AppleSupport Your systems status says iCloud is up, but I'm trying to restore phone from iCloud backup and I'm unable to connect to iCloud (on WiFi or on cell data). Also unable to login to https://t.co/9xBSntxtDH on computer. Error msgs say issue connecting to iCloud servers.",@684179 Thanks for reaching out to us. We'd like to help you and look into this iCloud issue further. Please DM us to continue working on this. https://t.co/GDrqU22YpT,apple_services,yes,Historical resolution indicates further investigation or direct support.,your systems status says icloud is up but i m trying to restore phone from icloud backup and i m unable to connect to icloud on wifi or on cell data also unable to login to on computer error msgs say issue connecting to icloud servers,wifi_connectivity,0.7198109520565016,0.2519094877391277,yes,True
1681535,The “I️” bug in 11.1 is getting annoying. @115858 please fix!,@511223 Here’s what you can do to work around the issue until it’s fixed in a future software update: https://t.co/xXaXeeSRt9,ios_update,no,Issue has sufficient context for an initial automated response.,the i bug in is getting annoying please fix,other,0.7003622703113251,0.442049310379513,yes,True
2466772,"@AppleSupport Hi. Yes, it’s an installed version of High Sierra OS",@705839 Shoot us a DM and let us know what steps you've already taken. https://t.co/GDrqU22YpT,ios_update,yes,Historical resolution indicates further investigation or direct support.,hi yes it s an installed version of high sierra os,other,0.6094497176773831,0.4671084281474499,yes,True
1220399,Ok kinda mad that my brand new @115858 earbuds with my brand new iPhone 8 Plus is not letting me control the volume!! Like what the heck I always use my earbuds!!😡😡😡,@406332 Congratulations on your iPhone 8 Plus! We'd be happy to look into this with you. Can you provide us which iOS version you're using? This can be located in Settings &gt; General &gt; About &gt; Version.,device_hardware,yes,Historical resolution indicates further investigation or direct support.,ok kinda mad that my brand new earbuds with my brand new iphone plus is not letting me control the volume like what the heck i always use my earbuds,other,0.4307711162759098,0.3230288519293511,yes,True
1973622,@AppleSupport can I check the battery health of my iPhone 6?,@584493 We've received your DM &amp; we'll follow up with you there shortly regarding your battery life. https://t.co/GDrqU22YpT,battery_charging,yes,Historical resolution indicates further investigation or direct support.,can i check the battery health of my iphone,battery_charging,0.999077562878569,0.8033816711463369,no,True
2241173,"@115858 @AppleSupport YOUR SOFTWARE IS HORRIBLE. It’s making my phone so slow. Come on guys, get it together!$1,000 phone not worth one penny at the moment! #ridiculous #unhappycustomer  #sofrustrated",@322209 We're glad to continue working with you on this. Let us know in DM your current version of iOS. Our most recent is iOS 11.1.1. https://t.co/GDrqU22YpT,ios_update,yes,Historical resolution indicates further investigation or direct support.,your software is horrible it s making my phone so slow come on guys get it together phone not worth one penny at the moment ridiculous unhappycustomer sofrustrated,other,0.474762004485507,0.2743319465735842,yes,True
517131,@AppleSupport The new software update 11.1.2 got my IPhone shut off every 30 second ! Please what can I do?,"@239230 You're in the right place, and we'll do all we can to help. To get started, let us know in DM what you see on the display after it restarts? For example, do you see a spinning gear, or an Apple Logo, or the lock screen? https://t.co/GDrqU2kzhr",ios_update,yes,Historical resolution indicates further investigation or direct support.,the new software update got my iphone shut off every second please what can i do,ios_update,0.8195731073826359,0.3411012306250938,yes,True
934480,@AppleSupport Music is really flakey on my iPhone 6S after upgrading to iOS 11. It doesn't like having songs skipped and crashes often,@341674 We'd like to help. Is this streaming music from the Music app? Are you on iOS 11.0.3?,apps,no,Issue has sufficient context for an initial automated response.,music is really flakey on my iphone s after upgrading to ios it doesn t like having songs skipped and crashes often,ios_update,0.8917134181168341,0.2469017062569673,yes,True
1284003,"@AppleSupport Currently France, tomorrow back in the US.",@346642 Let's go ahead and meet in DM and we'll continue there. https://t.co/GDrqU22YpT,other,yes,Historical resolution indicates further investigation or direct support.,currently france tomorrow back in the us,other,0.6487413537190767,0.592977447622544,no,True
1446482,Okay so I updated my damn phone thinking these dumb ass boxes would disappear &amp; they are STILL HERE! @AppleSupport,"@455650 Hey, we want to hear some more details about what's going on. Send us a DM and we'll go from there. https://t.co/GDrqU22YpT",ios_update,yes,Historical resolution indicates further investigation or direct support.,okay so i updated my damn phone thinking these dumb ass boxes would disappear and they are still here,ios_update,0.7923101691083534,0.3623683007107312,yes,True
2403809,It took less than 50MB to completely wreck one of the most essential apps. #BringMyMusicBack 😢 @AppleSupport https://t.co/jiEiGrX7VZ,@691481 We want to make sure you can enjoy your Music app. When did the issue begin? What is your current iOS version?,apps,no,Issue has sufficient context for an initial automated response.,it took less than mb to completely wreck one of the most essential apps bringmymusicback,apps,0.6465592425657917,0.2383415870874995,yes,True
23126,@AppleSupport So how many attempts do I get and what happens if i Enter the wrong code???,"@121036 After attempting so many tries to enter the Restrictions passcode, your device will prompt you to wait an extended time before letting you try again.",other,no,Issue has sufficient context for an initial automated response.,so how many attempts do i get and what happens if i enter the wrong code,apps,0.6008618503226537,0.2438840896315595,yes,True
519264,This shows up after backing up my what’s app data onto my new iphone8. How do I get my photos? @4305 @AppleSupport https://t.co/PxDRKTiSPx,"@227681 We'd like to help. Meet us in DM where we can learn a bit more, and offer guidance on the best path toward a solution. https://t.co/GDrqU2kzhr",apple_services,yes,Historical resolution indicates further investigation or direct support.,this shows up after backing up my what s app data onto my new iphone how do i get my photos,apple_services,0.8532123130150299,0.3174051201553958,yes,True
1346716,@AppleSupport every third party app is laggy and ios 11.0.3 is very slow,@434045 Thanks.  Please meet us in DM and we can continue. https://t.co/GDrqU22YpT,ios_update,yes,Historical resolution indicates further investigation or direct support.,every third party app is laggy and ios is very slow,ios_update,0.916071977174978,0.5069483727455159,yes,True
555265,@AppleSupport Hi I just updated to iOS 11.2 and Apple Pay Cash isn’t there. It said in release notes iOS 11.2 introduces Apple Pay Cash! Just wondering why it was left out...,"@249641 Apple Pay Cash is included as part of the iOS 11.2 update. We are expecting it to be available sometime this Fall. Take a look at all the sections of this article, as it has the release date of Fall. https://t.co/uHrOd2X7XG",apple_services,no,Issue has sufficient context for an initial automated response.,hi i just updated to ios and apple pay cash isn t there it said in release notes ios introduces apple pay cash just wondering why it was left out,ios_update,0.9814525519283432,0.4218730270631988,yes,True
1548817,"@AppleSupport Contacts created on iPhone do not sync to Outlook 2007 on PC as always before. From PC to iPhone, Yes. Vice Versa, No more.",@479448 Let's check it out. Does iOS 11.1 show in Settings &gt; General &gt; About? How are you syncing contacts?,other,no,Issue has sufficient context for an initial automated response.,contacts created on iphone do not sync to outlook on pc as always before from pc to iphone yes vice versa no more,other,0.4321900642836875,0.3838711450617754,yes,True
2305470,"@AppleSupport Im running 11.03
No.. its all different apps. But i cant open anymore than 3 without my phone completely stopping, ill click my home button and get no response. Lock my phone - no response.. its just like it doesnt respond at all.. and it never did this on the old ios",@668886 Thanks for those details. Have all your apps been updated via the App Store since the update? Let us know in DM. We'll continue there. https://t.co/GDrqU22YpT,ios_update,yes,Historical resolution indicates further investigation or direct support.,im running no its all different apps but i cant open anymore than without my phone completely stopping ill click my home button and get no response lock my phone no response its just like it doesnt respond at all and it never did this on the old ios,ios_update,0.411203239145669,0.2466279528550854,yes,True
1025658,@AppleSupport how do you upgrade to ios 11 on iphone 5?,@371018 iOS 11 is only available on the iPhone 5s or later. More information on iOS 11 can be found here: https://t.co/LVMJqqcDhs,ios_update,yes,Historical resolution indicates further investigation or direct support.,how do you upgrade to ios on iphone,ios_update,0.997976597265536,0.4835130584485707,yes,True
143514,"@AppleSupport baby, my battery will literally go from 100 to 50 in 10 minutes. it's the software not my iphone (6s)",@148421 We're happy to look into this further with you. Please DM us. https://t.co/GDrqU22YpT,battery_charging,yes,Historical resolution indicates further investigation or direct support.,baby my battery will literally go from to in minutes it s the software not my iphone s,battery_charging,0.9873969042759682,0.3845422878145299,yes,True
2020185,@AppleSupport fix this shit bro fr https://t.co/HvhUSoLTvo,@597411 We want to help. Tell us more in DM. https://t.co/GDrqU22YpT,other,yes,Historical resolution indicates further investigation or direct support.,fix this shit bro fr,other,0.9437836003974482,0.8741260593527826,no,True
1637104,@AppleSupport When I️ type I️ an A with a box and question mark appears . It’s annoying,@500701 Here’s what you can do to work around the issue until it’s fixed in a future software update: https://t.co/xXaXeeSRt9,other,no,Issue has sufficient context for an initial automated response.,when i type i an a with a box and question mark appears it s annoying,apps,0.6236276361107117,0.3696496928720159,yes,True
1234762,"Dearest @AppleSupport , thanks for making my rather new Iphone 7 battery drain twice as fast, and my touchpad is slow... BAD IOS update...",@409612 We want you to be able to enjoy your iPhone. Are you currently updated to iOS 11.0.3? How many hours do you get after charging?,battery_charging,no,Issue has sufficient context for an initial automated response.,dearest thanks for making my rather new iphone battery drain twice as fast and my touchpad is slow bad ios update,battery_charging,0.9891291423766128,0.2790185773243235,yes,True
2126063,alright @115858 get your shit together with this I️,@626093 Here’s what you can do to work around the issue until it’s fixed in a future software update: https://t.co/xXaXeeSRt9,other,no,Issue has sufficient context for an initial automated response.,alright get your shit together with this i,other,0.8181161664286354,0.7239926338132686,no,True
2148128,Just sitting here impatiently waiting for @AppleSupport to fix this stupid bug that ruins every message I️ type... #exhibitA,@631387 Here’s what you can do to work around the issue until it’s fixed in a future software update: https://t.co/xXaXeeSRt9,other,no,Issue has sufficient context for an initial automated response.,just sitting here impatiently waiting for to fix this stupid bug that ruins every message i type exhibita,other,0.7571467156913444,0.4472406909880606,yes,True
1021560,Hey @115858 the new update kills my battery 😩😩😩,@361758 That's not the experience we expect you to have. Which device and software version are you using?,battery_charging,no,Issue has sufficient context for an initial automated response.,hey the new update kills my battery,battery_charging,0.9985113624907578,0.6128614447519154,no,True
505168,There was a time you could count on great customer support from @115858 - Sad to see @AppleSupport slipping 🙃 #apple #technology #tech @6126 📱@116333,@235819 We appreciate you contacting us. We always want our customers to have the best experience. Let's hop into DM together so we can get details of your experience: https://t.co/GDrqU22YpT,other,yes,Historical resolution indicates further investigation or direct support.,there was a time you could count on great customer support from sad to see slipping apple technology tech,apps,0.6828056598148953,0.2427893505563431,yes,True
610097,"@116333 Worst iPhone uprgrade ever
It slow down my iphone
My phone is lagging like shit
Battery is draining very fast
Want ios 10 backkk😞😢",@295169 We're happy to help.  We've received your DM and we'll be responding shortly.,battery_charging,yes,Historical resolution indicates further investigation or direct support.,worst iphone uprgrade ever it slow down my iphone my phone is lagging like shit battery is draining very fast want ios backkk,battery_charging,0.9853200970316788,0.306545103315966,yes,True
2149905,@115858 can you fix the I️ glitch?,@631849 Here’s what you can do to work around the issue until it’s fixed in a future software update: https://t.co/xXaXeeSRt9,device_hardware,no,Issue has sufficient context for an initial automated response.,can you fix the i glitch,other,0.9474901797629576,0.8188882471200214,no,True
556230,Same issue! @AppleSupport please fix 🤕 https://t.co/lqIRQxdYgH,@249939 We'd be happy to look into what's happening with your device. When did you begin to experience these issues? Which device are you using? Have you tried any troubleshooting prior to reaching out?,other,yes,Historical resolution indicates further investigation or direct support.,same issue please fix,other,0.9334376714398398,0.6473359230198161,no,True
556080,"@AppleSupport Rebooted and thankfully an hour later it said ""Restoring"" and they started repopulating but now their kinda out of order but it doesn't matter. Their back now.

But what did I do wrong? 😂",@249897 It's hard to say what happened to them exactly. We're glad you got them back now. Have a great night.,other,no,Issue has sufficient context for an initial automated response.,rebooted and thankfully an hour later it said restoring and they started repopulating but now their kinda out of order but it doesn t matter their back now but what did i do wrong,other,0.3581192705821449,0.2195851804638281,yes,True
695272,@AppleSupport Beta tester i can send the info through feedback app if you prefer.,"@285819 That's great, thanks for being a beta tester. If you need additional help, please DM us. https://t.co/GDrqU22YpT",apps,yes,Historical resolution indicates further investigation or direct support.,beta tester i can send the info through feedback app if you prefer,apps,0.6570119761783756,0.2918907972876163,yes,True
249165,"@AppleSupport (cont) Download temporarily unavailable, or something similar.",@175196 Does the same behavior continue if you connect to a different Wi-Fi network or cellular data instead?,other,no,Issue has sufficient context for an initial automated response.,cont download temporarily unavailable or something similar,other,0.7614032616386256,0.4878447462185881,yes,True
2054383,@AppleSupport @115858 And it is getting really annoying,@607588 It's nice to hear from you. We want to help. Please send us a DM with your iOS version from Settings &gt; General &gt; About. https://t.co/GDrqU22YpT,other,yes,Historical resolution indicates further investigation or direct support.,and it is getting really annoying,other,0.6425625234051416,0.7503910294129961,no,True
1984577,@115858 I've been an avid + responsible iPhone user since 2009. This has never happened to me 😔,@587444 We'd like to help! Would you mind joining us in DM please? We'd like to start troubleshooting where your messages went. https://t.co/GDrqU22YpT,other,yes,Historical resolution indicates further investigation or direct support.,i ve been an avid responsible iphone user since this has never happened to me,apps,0.8554910355447902,0.3499321894534894,yes,True
1794927,@115858 I’d like to know where the fuck my memes go when I added them to a specific meme photo album and can’t even find them💆🏻‍♂️🤦🏻‍♂️,@539367 We can defintely look into this with you. Let's get together in DM and look into this further. Which device are you using? https://t.co/GDrqU22YpT,other,yes,Historical resolution indicates further investigation or direct support.,i d like to know where the fuck my memes go when i added them to a specific meme photo album and can t even find them,other,0.4449165796927274,0.2118228696064313,yes,True
1776812,280 Twitter characters but it’s just the letter I️ @115858 keyboard problem over and over and...,@533920 Here’s what you can do to work around the issue until it’s fixed in a future software update: https://t.co/xXaXeeSRt9,device_hardware,no,Issue has sufficient context for an initial automated response.,twitter characters but it s just the letter i keyboard problem over and over and,apps,0.5932919061439039,0.4154062176202222,yes,True
1614478,@AppleSupport any idea why when I️ type “I️” my iPhone wants to correct it to this? https://t.co/K5qVjidyTB,"@495223 Thanks for reaching out. This article has more details on that behavior, including how to address it: https://t.co/xXaXeeSRt9",device_hardware,yes,Historical resolution indicates further investigation or direct support.,any idea why when i type i my iphone wants to correct it to this,other,0.657816541952171,0.3574668757244524,yes,True
1507306,I pre-order on iTunes.. get 5 songs. Other 6 just came out and now first 5 disappear off my phone..thanks @115858 way to ruin my day #pissed https://t.co/hXlh5raGwF,@469828 Come on over to DM and we'll review some options to help get this sorted out. https://t.co/GDrqU22YpT,apple_services,yes,Historical resolution indicates further investigation or direct support.,i pre order on itunes get songs other just came out and now first disappear off my phone thanks way to ruin my day pissed,apple_services,0.8081584587276321,0.3258826509745908,yes,True
1598082,@AppleSupport It does. Any idea when it’ll be fixed?,@490866 Go ahead and send us a DM and we'll take it from there. Thanks. https://t.co/GDrqU22YpT,other,yes,Historical resolution indicates further investigation or direct support.,it does any idea when it ll be fixed,other,0.6910653785948349,0.414234427671138,yes,True
1968267,@115858 y’all better this shit I️ can’t even type certain words,@502247 We'd love to look into this. Which device and software version are you using? Click here to let us know in DM: https://t.co/GDrqU22YpT,other,yes,Historical resolution indicates further investigation or direct support.,y all better this shit i can t even type certain words,other,0.8018555346325568,0.4368030696233864,yes,True
1774480,@AppleSupport why does my phone suck dick after this shitty update and my I’s keep becoming stupid question marks,@533274 We want to help. DM us and we'll work from there.,ios_update,yes,Historical resolution indicates further investigation or direct support.,why does my phone suck dick after this shitty update and my i s keep becoming stupid question marks,ios_update,0.8962736107891071,0.3152649287618115,yes,True
2054359,"@115858, iOS 11 is stupid! 6s starts lagging! Never thought I’d say it, but I’m going for @122986 Pixel. Changing for the 1st time in 10 yrs",@607581 We'd like to help with the issues you're experiencing. Let us know in DM if this happens for any particular apps. https://t.co/GDrqU22YpT,ios_update,yes,Historical resolution indicates further investigation or direct support.,ios is stupid s starts lagging never thought i d say it but i m going for pixel changing for the st time in yrs,ios_update,0.7392162161393553,0.2523865554033199,yes,True
1469337,I lost all my music with this update @115948 @AppleSupport,@461035 We'd be happy to help out with your music. Is iCloud Music Library toggled ON in Settings &gt; Music?,ios_update,no,Issue has sufficient context for an initial automated response.,i lost all my music with this update,ios_update,0.9950699622687462,0.4815273778838222,yes,True
2614266,"@AppleSupport Seriously, it’s annoying  -&gt; I️","@739028 An update has been released to assist with this issue. If you haven’t yet, please back up your device and update it to iOS 11.1.2. For more info, check out: https://t.co/4f8hwT5to6",other,no,Issue has sufficient context for an initial automated response.,seriously it s annoying gt i,other,0.8571983125559917,0.585383234099988,no,True
2146524,@115858 PLEASE MAKE THIS STUPID I️ AUTOCORRECT STOP,@630995  Here’s what you can do to work around the issue until it’s fixed in a future software update: https://t.co/xXaXeeSRt9,other,no,Issue has sufficient context for an initial automated response.,please make this stupid i autocorrect stop,other,0.8534082313693524,0.5485661582900216,yes,True
2142349,@115858 HOW THE FUCK HAVE YOU NOT FIXED THIS YET! I️ Just don’t get it. Are you  just getting rub and tugs at HQ or something. https://t.co/7SHMcZqwnU,@629907 Here’s what you can do to work around the issue until it’s fixed in a future software update: https://t.co/xXaXeeSRt9,other,no,Issue has sufficient context for an initial automated response.,how the fuck have you not fixed this yet i just don t get it are you just getting rub and tugs at hq or something,other,0.5996199901995716,0.5586344229821673,no,True
595836,"@AppleSupport can’t do anything, phone constantly resetting. Took 30 minutes to even tweet",@261195 Let's look into this restart issue for you. This page may help: https://t.co/osZOKKTalm DM us if the issue persists. https://t.co/GDrqU22YpT,other,yes,Historical resolution indicates further investigation or direct support.,can t do anything phone constantly resetting took minutes to even tweet,how_to,0.9493267229632458,0.3704287757087655,yes,True
1414553,"@AppleSupport i cant use siri after updated ios 11.1, can u tell me why?",@448732 We want to be sure Siri is working normally for you. Have you restarted your device since updating?,ios_update,no,Issue has sufficient context for an initial automated response.,i cant use siri after updated ios can u tell me why,ios_update,0.9952006005421524,0.2933943786829842,yes,True
720522,Nice job @115858 erasing my notes till I did the #update FYI it #sucks. Freezing and email looks like cheap texts. Ugly font!,"@123379 We'd like to look into this with you. DM us, and we can get started. https://t.co/GDrqU22YpT",ios_update,yes,Historical resolution indicates further investigation or direct support.,nice job erasing my notes till i did the update fyi it sucks freezing and email looks like cheap texts ugly font,ios_update,0.8202737831898,0.3220441234174123,yes,True
2440920,Why isn’t my apple watch not monitoring my exercise minutes?? It did before I got the new iPhone 8 and had to reset it and start over. @AppleSupport.,@700039 We can help get those exercise minutes tracking. Which version of iOS are you currently running? You can check in Settings &gt; General &gt; About &gt; Version.,other,no,Issue has sufficient context for an initial automated response.,why isn t my apple watch not monitoring my exercise minutes it did before i got the new iphone and had to reset it and start over,apps,0.7398444059320074,0.2540394828116415,yes,True
2455388,"@AppleSupport hey Apple, on the iPhone X I am having trouble force closing apps while also using the phone. I can bring up the red minus bars but when I tap them it brings me back to the call instead. Thoughts?","@703385 Thanks so much for reaching out to us this evening! We'd be happy to look into what's going on. To start, can you DM us which iOS version you're using and we'll continue from there. https://t.co/GDrqU22YpT",other,yes,Historical resolution indicates further investigation or direct support.,hey apple on the iphone x i am having trouble force closing apps while also using the phone i can bring up the red minus bars but when i tap them it brings me back to the call instead thoughts,apps,0.8519629290299352,0.2390721387715884,yes,True
1725068,"@AppleSupport I don’t usually take photos inside of apps. But yes, Messenger is also having problems sending snapshots that are in focus.",@521750 Have you updated to 11.0.3? https://t.co/80YRnjDFDk Send us a DM and let us know. https://t.co/GDrqU22YpT,apple_services,yes,Historical resolution indicates further investigation or direct support.,i don t usually take photos inside of apps but yes messenger is also having problems sending snapshots that are in focus,apple_services,0.8476026730157796,0.2183549365523546,yes,True
939098,"@AppleSupport The game sound cuts out only when screen recording, but normal play it doesn’t cut out. So, yes we’re on the same page.","@342619 Thank you. If you don't speak, does the audio continue to record, or does it shut off at five seconds regardless? Let us know in DM. https://t.co/GDrqU22YpT",device_hardware,yes,Historical resolution indicates further investigation or direct support.,the game sound cuts out only when screen recording but normal play it doesn t cut out so yes we re on the same page,device_hardware,0.7641096862709075,0.2165285500822038,yes,True
824111,"Fucking Twitter and Facebook manage to sync the badges. Why do i have to keep deleting each iMessage 5 times, on each device, @AppleSupport?",@224182 We'd love to help out. Send us details on what is happening compared to your expectations to get started. DM us. https://t.co/GDrqU22YpT,apple_services,yes,Historical resolution indicates further investigation or direct support.,fucking twitter and facebook manage to sync the badges why do i have to keep deleting each imessage times on each device,apple_services,0.7331651194855834,0.2413364825879435,yes,True
1550303,@AppleSupport been trying to download numerous apps and I get error unable to download app. I've turned phone on and off. Any other sugg?,@479833 Hi there! Send us a DM with the exact wording of the error message and let us know your iOS version. https://t.co/GDrqU22YpT,apps,yes,Historical resolution indicates further investigation or direct support.,been trying to download numerous apps and i get error unable to download app i ve turned phone on and off any other sugg,apps,0.7894811415014045,0.2304338567183728,yes,True
1349509,iOS11 makes my already terrible iPhone 7 somehow function even more terribly.... 🙄🙄@AppleSupport,@434694 Have you updated to iOS 11.0.3 yet? https://t.co/80YRnjDFDk Send us a DM and let us know more details. https://t.co/GDrqU22YpT,other,yes,Historical resolution indicates further investigation or direct support.,ios makes my already terrible iphone somehow function even more terribly,ios_update,0.9352539330101488,0.3520530448101522,yes,True
2369428,"@AppleSupport also the details in the report say:

APPLICATION NAME
cloudos

ERROR
authDidNotConnect-loginDidFail

but I haven't changed the password .. and was using the autofill feature of Safari .. I did update my iPhone to 11.1.1 yesterday though and it seems to be fine","@683807 Thanks for that information! What kind of device or computer are you using to log in? Have you had a chance to restart your device since noticing this message? So that we can look into the status of our iCloud system, let us know which country you're tweeting from.",ios_update,yes,Account or payment-related issue may require secure human support.,also the details in the report say application name cloudos error authdidnotconnect logindidfail but i haven t changed the password and was using the autofill feature of safari i did update my iphone to yesterday though and it seems to be fine,account_payment,0.5262601267844162,0.200134559034229,yes,True
2798457,@115858 I just got a new phone no way it should be dying this fast you ugly ass,@365938 Let's look into this for you. Send us a DM with your current iOS version and we can get started. https://t.co/GDrqU22YpT,other,yes,Historical resolution indicates further investigation or direct support.,i just got a new phone no way it should be dying this fast you ugly ass,other,0.724412574724934,0.3312218049158434,yes,True
1735008,@115858 you better fix this tomorrow or I️ swear....of all of the letters to fuck up,@523918 Here’s what you can do to work around the issue until it’s fixed in a future software update: https://t.co/xXaXeeSRt9,other,no,Issue has sufficient context for an initial automated response.,you better fix this tomorrow or i swear of all of the letters to fuck up,other,0.7758749399312341,0.4992614196418006,yes,True
2303481,@AppleSupport Thank you! I was able to get it to work (without their help).,@440654 We're glad to hear you got it sorted on your own. Reach out if we can ever be of service.,other,no,Issue has sufficient context for an initial automated response.,thank you i was able to get it to work without their help,other,0.7668824375291522,0.3609804226741642,yes,True
2730418,@AppleSupport Or should I updated my ios ? https://t.co/IdhYAM8xwl,"@765489 We’re here for you. Performing an update on your device can help resolve various issues. Be sure to follow this article here to update: https://t.co/80YRnjDFDk If the issue persists, reach out to us in DM. https://t.co/GDrqU22YpT",ios_update,yes,Historical resolution indicates further investigation or direct support.,or should i updated my ios,ios_update,0.9999844999787644,0.5057462217417318,yes,True
2734103,@115858 how about you make a phone with a battery that isn't a lump of shit.,@766316 We'd be happy to look into this with you more in detail.  Please reach out to us via DM and we'll get started. https://t.co/GDrqU22YpT,battery_charging,yes,Historical resolution indicates further investigation or direct support.,how about you make a phone with a battery that isn t a lump of shit,battery_charging,0.94770353828905,0.3818898360095018,yes,True
1482349,"@AppleSupport since 4.1 upg series 1 Watch lost calendar and weather app but both visible on phone and watch app, &amp; no sharing since day 1 https://t.co/f7X22qeliX",@224478 We're happy to help. Which iPhone and iOS version are you using? Have you done any steps to try to resolve this issue?,apps,no,Issue has sufficient context for an initial automated response.,since upg series watch lost calendar and weather app but both visible on phone and watch app and no sharing since day,apps,0.890569263065944,0.2910807313134922,yes,True
2042370,Yo @AppleSupport what’s good,@603940 We want to make sure your iPhone works the way you expect it to. Let's get paired up in DM to get started. https://t.co/GDrqU22YpT,other,yes,Insufficient context to safely resolve automatically.,yo what s good,other,0.8466343818124215,0.7660182980845288,no,True
1370810,@301376 @AppleSupport Same. Wish I’d never done the update! 😡,@439085 Please let us know more about what's happening with your device. We're eager to get things working as expected again.,ios_update,no,Issue has sufficient context for an initial automated response.,same wish i d never done the update,ios_update,0.9790356855434412,0.3753949737342442,yes,True
894895,@AppleSupport Music isn’t as loud as it used to be and sky go (that’s probably a Sky go app issue..... on full volume and can hardly hear any talking).,@332480 Are you using the native Music app or another app to play that music?  Have you tried other apps as well?,apps,no,Issue has sufficient context for an initial automated response.,music isn t as loud as it used to be and sky go that s probably a sky go app issue on full volume and can hardly hear any talking,apps,0.5012274144724584,0.2572716557096499,yes,True
2456132,@115858  fix this stupid glitch Yo I️ I️ I️,"@703567  iOS 11.1.1 was recently released and it includes a fix for auto-correct issues. Be sure to back up your device prior to updating, and DM us if the issue persists afterwards. How to back up: https://t.co/ui8Itz8ESg https://t.co/GDrqU22YpT",other,yes,Historical resolution indicates further investigation or direct support.,fix this stupid glitch yo i i i,other,0.9711998341638564,0.9281413699379496,no,True
1531335,@AppleSupport I can not get my dictation back on my keyboard after the last crew updates. I have an iPad mini 2.,@475064 We know how convenient the dictation feature is. Can you DM us the exact version of iOS running? https://t.co/GDrqU22YpT,device_hardware,yes,Historical resolution indicates further investigation or direct support.,i can not get my dictation back on my keyboard after the last crew updates i have an ipad mini,ios_update,0.5462751520874602,0.2977124593285074,yes,True
1574380,EYEEE NEED @115858 TO FIX THIS I️ PROBLEM. WTF I️,@119636 We’re here for you. Try the steps here and let us know if you still need help: https://t.co/xU1AGIa4ME,other,no,Issue has sufficient context for an initial automated response.,eyeee need to fix this i problem wtf i,other,0.9362877195471242,0.7324384381806214,no,True
1627576,@115858 WHY CANT I️ TYPE THE WORD “I️” WHAT IS GOING ON I️ AM CRYING,@498298 We're here to help and we have a workaround for this: https://t.co/xXaXeeSRt9 Did that help?,other,no,Issue has sufficient context for an initial automated response.,why cant i type the word i what is going on i am crying,other,0.8505534832040113,0.5616262529391081,no,True
2047554,Having #iOS11 issues with #iphone6s - very juddery and battery going down fast even in low-power mode. @AppleSupport,@605538 We understand how vital the battery is. Let's work together. Did you update to iOS 11.0.2? Send us a DM with your answer. https://t.co/GDrqU22YpT,battery_charging,yes,Historical resolution indicates further investigation or direct support.,having ios issues with iphone s very juddery and battery going down fast even in low power mode,battery_charging,0.9998711858966984,0.3905389329921204,yes,True
2068405,@AppleSupport I update my watch as per your recommendation and now my fitness apps won’t work.,@611673 We'd love to help with your Apple Watch. Can you DM us what's happening with your fitness apps exactly? Which fitness apps? https://t.co/GDrqU22YpT,ios_update,yes,Historical resolution indicates further investigation or direct support.,i update my watch as per your recommendation and now my fitness apps won t work,ios_update,0.8938019946191307,0.2569270426085085,yes,True
2403819,"Hey @115858,

The next time you decide to launch a software update, make it so that we’re not getting asked for Apple ID verification 20,000 times a day","@691484 We'd like to see if we can help with those prompts. To start, which device are you experiencing this on, and which software version is it running?",ios_update,yes,Account or payment-related issue may require secure human support.,hey the next time you decide to launch a software update make it so that we re not getting asked for apple id verification times a day,ios_update,0.6402585296256444,0.200463006098937,yes,True
2113832,@AppleSupport @124871 I have a corporate iPhone with issues.   Unable to get Support or a call back.  Help!,@126769 We'd like to know more about this issue. Please DM us more details of what's going on and we'll go from there. https://t.co/GDrqU22YpT,other,yes,Historical resolution indicates further investigation or direct support.,i have a corporate iphone with issues unable to get support or a call back help,other,0.6021570278429674,0.2530073663177186,yes,True
1763690,This glitch with the letter “i” is getting annoying.... @115858,@530597 Here’s what you can do to work around the issue until it’s fixed in a future software update: https://t.co/uQeXsrrlXJ,other,no,Issue has sufficient context for an initial automated response.,this glitch with the letter i is getting annoying,other,0.906484609557534,0.6476370839226069,no,True
1162096,Aye @115858. I am tired of your shit. Fix it.,@393419 We'd love to assist you with any issues that you're having. Join us here in DM. We'll continue there: https://t.co/GDrqU22YpT,other,yes,Historical resolution indicates further investigation or direct support.,aye i am tired of your shit fix it,other,0.8315856970560159,0.5728428216614929,no,True
1913112,"@AppleSupport Since I updated to iOS 11 (11.1.1), @318 is generating lots of duplicates in my lists. Plus the UI is more confusing https://t.co/4FnVharIGc",@569861 We are here to help. Let's backup your device then update to the newest version. Does the issue remain?,ios_update,no,Issue has sufficient context for an initial automated response.,since i updated to ios is generating lots of duplicates in my lists plus the ui is more confusing,ios_update,0.9899475205073484,0.252861140793869,yes,True
41662,My wonderful MacBook Pro won't come on 😯😯😢 @applesupport,"@125168 We can certainly help work towards a resolution. To get us started, have you tried the steps here: https://t.co/RqWW0duJ0U",other,no,Issue has sufficient context for an initial automated response.,my wonderful macbook pro won t come on,other,0.6579364630171549,0.4489006183955868,yes,True
1113178,My phone just like reset itself and battery went down like 15% wtf @115858,@382712 You've reached the right place. Let's take a look at this together in DM. https://t.co/GDrqU22YpT,battery_charging,yes,Historical resolution indicates further investigation or direct support.,my phone just like reset itself and battery went down like wtf,battery_charging,0.953900052935533,0.3120367216844525,yes,True
2728151,@AppleSupport Thank you. That's great. Is there anyway to check that the back up is still there? As whoever took my phone gained access to my email acct and removed my device from find my iPhone before I could erase my device. Or will the backup be safe?,"@209478 That backup will be saved in iCloud for 180 days from the last time it was updated. To look for that backup, you can follow the instructions here: https://t.co/vU7gSUiOfd",other,no,Issue has sufficient context for an initial automated response.,thank you that s great is there anyway to check that the back up is still there as whoever took my phone gained access to my email acct and removed my device from find my iphone before i could erase my device or will the backup be safe,other,0.289214741556127,0.2523829553217598,yes,True
996666,How is it even possible that this I️ thing isn’t fixed yet? @115858 @AppleSupport,"@356006 We recently released an iOS update, 11.1.1, that contains a fix for autocorrect issues. Let’s be sure to back up your device prior to updating. How to back up: https://t.co/4f8hwT5to6",other,no,Issue has sufficient context for an initial automated response.,how is it even possible that this i thing isn t fixed yet,other,0.668510835443576,0.3840339550734978,yes,True
208265,"@AppleSupport I have a question, can I order flight when I am using nonsecured WiFi? Does it safe?",@176779 We'd like to be sure we understand your question. You're asking if it's safe to book a flight over an open Wi-Fi. Correct?,wifi_connectivity,no,Issue has sufficient context for an initial automated response.,i have a question can i order flight when i am using nonsecured wifi does it safe,wifi_connectivity,0.8699176149543807,0.3298200857943209,yes,True
